Frequency (Hz),Channel 1 Magnitude (dB),Channel 2 Magnitude (dB),Channel 2 Phase (deg)
500.0000000000003,0.003286473118282868,-0.07527757019204302,-34.13900982304747
501.2439982945955,0.003485169799431942,-0.07633177673933632,-34.23292843132479
502.4910916527049,0.003085976294876544,-0.07670977833465756,-34.32341632541946
503.7412877748355,0.003567028450094939,-0.07740549991846341,-34.41153617085698
504.9945943806537,0.0029492931722852,-0.07744876902438091,-34.49924414357787
506.2510192090327,0.004102745217696021,-0.07850867794851892,-34.58687856368929
507.5105700180989,0.003102452203564285,-0.07850850880335372,-34.67326638056437
508.7732545852821,0.003419078161713243,-0.07883598268450526,-34.7596435913564
510.0390807073618,0.00330829516571347,-0.07929822671205837,-34.84835571414438
511.3080562005156,0.002936511426819045,-0.0795916484564111,-34.93624588444547
512.5801889003682,0.003028831289035002,-0.07976490870330659,-35.02490716970529
513.8554866620389,0.003466925373654473,-0.08011714739851987,-35.11116247711834
515.1339573601912,0.003388104932699749,-0.08052371788182093,-35.20140494321811
516.4156088890795,0.003527194496475341,-0.08104268750243379,-35.28889577189904
517.7004491626003,0.003312277183382909,-0.08107520450830422,-35.37872925606271
518.9884861143395,0.003480828095369392,-0.08201626059778643,-35.46799497914991
520.2797276976211,0.003094698686970241,-0.0818741089836009,-35.55620029456418
521.5741818855578,0.003348361658994551,-0.0825151592718982,-35.6438256582089
522.8718566710991,0.003098125265506979,-0.08232871490230859,-35.73486608530744
524.1727600670805,0.0034700436470951,-0.08285966521582706,-35.82356170951368
525.476900106274,0.003200687251750705,-0.08302054262585171,-35.91356544409349
526.7842848414371,0.003057445568115217,-0.0840659825170795,-36.00354854970021
528.0949223453617,0.003292904598689523,-0.08386740306246464,-36.09555407594852
529.4088207109259,0.002963292746981611,-0.08411361778522584,-36.18509811311287
530.7259880511423,0.003343871955922145,-0.08483090279121468,-36.27652014459969
532.0464324992082,0.00289360908034064,-0.08495752026419127,-36.36604105569542
533.3701622085572,0.003229732063562828,-0.08564473592485533,-36.45796997559293
534.697185352908,0.003201022425983232,-0.08596903203561464,-36.54999996429543
536.0275101263161,0.00314187762294354,-0.08610383805172163,-36.64110899396733
537.3611447432227,0.003122710011441844,-0.08656254393065575,-36.73361092991173
538.6980974385074,0.002578903297130223,-0.08699378973358972,-36.82512347830323
540.038376467538,0.003361304160097388,-0.08692784359320811,-36.91612022937821
541.3819901062212,0.003091058807373616,-0.08793947769500229,-37.01142954003392
542.7289466510547,0.003468940798102916,-0.0882683127693905,-37.10261256526599
544.0792544191777,0.003245344477248039,-0.0886286089916801,-37.19542804129344
545.4329217484219,0.00320719212613451,-0.0889207791116676,-37.28828450842835
546.7899569973642,0.003110818632496706,-0.08940576801814386,-37.38222610741008
548.1503685453777,0.003544563902146221,-0.08989372350194105,-37.47696193240346
549.514164792682,0.003323826432921864,-0.09020013901431537,-37.57115165900453
550.881354160398,0.003111527217489876,-0.09077499756303668,-37.66531842877775
552.251945090598,0.003147785888808075,-0.09109382926866763,-37.75938866533488
553.6259460463573,0.002837856246642375,-0.09119885923183002,-37.85197067098714
555.0033655118079,0.003206135086943761,-0.0913584265779116,-37.95087559189558
556.3842119921909,0.003206603303129253,-0.09174270788746768,-38.04637629029062
557.7684940139069,0.003283723606147038,-0.09193238489222265,-38.13921332671077
559.1562201245714,0.003313342760218098,-0.09273227971334451,-38.23542655735802
560.5473988930661,0.003138213401244483,-0.09303305143585724,-38.33141143276298
561.9420389095919,0.003147780096458662,-0.09348777077123474,-38.42951391804323
563.3401487857217,0.003585316194783367,-0.09388250041260654,-38.52379296181398
564.7417371544547,0.003367637119387448,-0.09418831444884436,-38.62020442340681
566.1468126702687,0.003201187552118144,-0.0946279781906863,-38.71817360007046
567.5553840091734,0.002906295565236664,-0.09476920853429052,-38.81621789683018
568.967459868765,0.003106281068729771,-0.09521246520672945,-38.91254915299547
570.3830489682791,0.003153112195374621,-0.09581895765972225,-39.01129227646669
571.8021600486443,0.002946717741113627,-0.09634351004499289,-39.10782791138886
573.224801872537,0.002816442016224802,-0.09642453839808279,-39.20593824717872
574.6509832244357,0.002631459300926264,-0.09667822870555046,-39.30491474748742
576.0807129106729,0.003416117779296993,-0.09749961055462211,-39.40397482917253
577.5139997594932,0.003187237854719503,-0.09721264617910499,-39.50351017217166
578.9508526211046,0.003311617101560754,-0.09837824717762884,-39.60213544804925
580.3912803677351,0.003243249754530793,-0.09836680951624045,-39.7006932539428
581.835291893686,0.003277007289146507,-0.09906461123845675,-39.80313606317192
583.2828961153881,0.002945983922443512,-0.09932475937331112,-39.90022955357313
584.7341019714563,0.003337550662101006,-0.09928243164364486,-40.00091541457261
586.188918422745,0.003174334551457868,-0.1000552379605942,-40.10303009233978
587.6473544524019,0.003406925286216947,-0.1004694825285268,-40.20136451514404
589.1094190659267,0.003164214115181886,-0.1009057389258746,-40.30308716768472
590.5751212912227,0.002773760450659978,-0.1012320520059174,-40.40466541767837
592.0444701786561,0.003827858112207727,-0.1020757967448964,-40.50651205254141
593.5174748011096,0.00329887660258995,-0.1019764961382233,-40.61036678606034
594.9941442540402,0.00357976896663071,-0.1025114701867086,-40.70925416744919
596.4744876555325,0.003840203280679158,-0.1036732070734366,-40.81241001107069
597.9585141463587,0.003221905104958287,-0.1034162504218435,-40.91660134042903
599.4462328900321,0.002915320939576283,-0.1039970550100668,-41.01786329833993
600.9376530728658,0.003610593614232767,-0.1042342056743633,-41.12016432279407
602.4327839040274,0.003261819341101163,-0.1047076702730429,-41.22369162199742
603.9316346155973,0.003268350316630083,-0.1052640837337523,-41.32844328101999
605.4342144626252,0.00336778549965622,-0.1050231386918585,-41.43255081561458
606.9405327231875,0.003435045599204847,-0.1056847386411746,-41.53574787005485
608.4505986984444,0.003320945388306904,-0.1062217370837814,-41.64189326251962
609.9644217126971,0.003010773302176784,-0.1067611682734618,-41.74630180154869
611.482011113446,0.003113288599276516,-0.1068217346631802,-41.85192065236929
613.0033762714476,0.003376918821830621,-0.1078498746719045,-41.95646778489892
614.5285265807734,0.00297079010390083,-0.1077294817392228,-42.06148180451662
616.0574714588668,0.003419268265697305,-0.1084469942808194,-42.16657376741679
617.5902203466018,0.003577875741265214,-0.1085356708449071,-42.27457329385395
619.1267827083416,0.003094110894164108,-0.1093909457167629,-42.38167146856381
620.6671680319967,0.003646968492881733,-0.1095802795365678,-42.4875300035817
622.2113858290828,0.003553102093087153,-0.1101813766021963,-42.59409799878863
623.7594456347812,0.003542627359330029,-0.1108837963681404,-42.70036391938604
625.3113570079959,0.002960433879623919,-0.1110200009529589,-42.80826202192185
626.8671295314141,0.003434677162732132,-0.1116078733087433,-42.91530389158504
628.426772811564,0.003141515733262679,-0.1115795369056213,-43.02379166705214
629.9902964788752,0.003406662005870711,-0.1125474094003631,-43.13293794016801
631.5577101877379,0.002926414983956171,-0.1126558341342825,-43.24192818715568
633.1290236165621,0.003500381534572808,-0.1132658355341099,-43.35011916025184
634.7042464678376,0.003514520857485618,-0.1135658939914627,-43.4591046898681
636.2833884681944,0.002843333263551687,-0.1137662006099596,-43.56921833679249
637.8664593684621,0.003575158466890224,-0.1143875659928535,-43.67844552697449
639.4534689437298,0.003193934537456014,-0.1145052321026655,-43.78770778011736
641.044426993408,0.003309073017903109,-0.1154068798501597,-43.89800615671456
642.6393433412873,0.002477784415361147,-0.11557532037266,-44.00885750851234
644.2382278356001,0.002948520717816446,-0.1162715325919081,-44.12018938140749
645.8410903490814,0.003067228849383404,-0.1168374820004415,-44.23223675175615
647.447940779029,0.003185183699655584,-0.1172912893920623,-44.34168688720683
649.0587890473657,0.00333083934984142,-0.1171657857104786,-44.45756674448106
650.6736451006999,0.003352565339290569,-0.117814115981194,-44.56661679208818
652.2925189103865,0.003094892564547396,-0.1183610688645982,-44.67764817779829
653.9154204725903,0.00352029514209852,-0.1190184664020485,-44.79081650176757
655.5423598083452,0.003348791597968974,-0.1193985539054295,-44.90574919813241
657.1733469636184,0.002888501378773015,-0.119733508820364,-45.01740414437884
658.808392009371,0.003183954764871476,-0.1202529785377085,-45.13008860496625
660.4475050416203,0.003271153851594666,-0.1208049482850257,-45.24496689787668
662.0906961815034,0.003168421810580328,-0.1211411283654052,-45.35830428331535
663.7379755753379,0.003105023351327173,-0.1213981857470141,-45.47287034065448
665.3893533946856,0.003224883625676931,-0.1221831226859269,-45.58805912171407
667.0448398364153,0.003150230702129038,-0.1227557985632092,-45.70192253057915
668.7044451227655,0.003180345183985465,-0.1233213638438688,-45.81974456259506
670.3681795014077,0.002948620101197524,-0.1233223884503758,-45.93616743129576
672.0360532455093,0.002943572948358119,-0.124041852944304,-46.05144668882575
673.7080766537971,0.003051137355554383,-0.1245223803439216,-46.16876176139409
675.3842600506219,0.003028642471058965,-0.1249998004439874,-46.28442396714931
677.064613786021,0.002890688212128104,-0.1251150785801611,-46.40137207693786
678.7491482357823,0.003529755509952096,-0.1256659367239274,-46.51869924187186
680.437873801509,0.002715970251820313,-0.1260586298262694,-46.63690794879179
682.1308009106834,0.003230667761216725,-0.1268943723995421,-46.75387610807698
683.827940016731,0.003433022280416126,-0.1269329000147023,-46.87028190258837
685.5293015990859,0.002918172434688889,-0.1272381058457885,-46.98963837349541
687.2348961632546,0.00324836697806736,-0.1279266164838728,-47.11000337781488
688.9447342408816,0.003224650516896103,-0.1283851023361722,-47.2283451773454
690.6588263898138,0.002444035752323663,-0.128798470176874,-47.34856529070132
692.377183194166,0.002851838352157937,-0.1296954712467886,-47.46758230197445
694.0998152643866,0.002804914180751203,-0.1301315663921886,-47.58659418400163
695.8267332373223,0.003316045798743989,-0.1303997372231619,-47.70642109774661
697.5579477762844,0.003029621156694245,-0.1307963115815067,-47.82803575047686
699.2934695711147,0.003136912709660531,-0.1314865019878456,-47.94908285256671
701.0333093382508,0.002889380457304587,-0.1317694138175235,-48.06840106292601
702.7774778207935,0.003321400738551584,-0.1324709353337822,-48.18940553846835
704.5259857885717,0.00287452430276651,-0.1324121993617721,-48.31350203822563
706.2788440382097,0.003225700685896668,-0.1333004947523583,-48.43776568971037
708.0360633931944,0.00301605676263232,-0.133765038974844,-48.5607267957154
709.7976547039407,0.00248731201245566,-0.1342215404208859,-48.68321874816385
711.5636288478595,0.003108008092486176,-0.1350447178304522,-48.80446819458313
713.3339967294252,0.003361485179789029,-0.1351682282226797,-48.92735697914119
715.1087692802416,0.003151423813145607,-0.1358169121313861,-49.05108473675602
716.8879574591112,0.003273335522190144,-0.1361048067515644,-49.19044858884467
718.6715722521014,0.002739641856939221,-0.136290255944354,-49.31526559488657
720.4596246726128,0.002576789191848347,-0.1370151768345404,-49.44312382659029
722.252125761448,0.003020107312757769,-0.1374852023893758,-49.56724359593907
724.0490865868783,0.003066128826287252,-0.1375750496320408,-49.69169169077214
725.8505182447129,0.003490113212624909,-0.1388538665177849,-49.81697505572963
727.656431858368,0.003378614537595065,-0.1393383502828038,-49.94413305975063
729.4668385789342,0.003552330668175402,-0.1395325562605663,-50.06910160317135
731.2817495852464,0.003975562059739722,-0.1400890702253278,-50.19838182733383
733.1011760839519,0.003188089897258748,-0.1404763727450472,-50.3237987006961
734.9251293095804,0.003474712090959304,-0.1411355351920735,-50.45187863188835
736.7536205246132,0.002689686149429803,-0.1414220245476795,-50.58092820178801
738.5866610195524,0.002941623483185414,-0.1419997391192984,-50.70849139246724
740.4242621129906,0.003052061804220262,-0.142844435694743,-50.83679433247949
742.2664351516818,0.003089344628071191,-0.1434501402180293,-50.96656165847094
744.1131915106099,0.002871869662369217,-0.1436296302722975,-51.09728568288101
745.9645425930599,0.002971533982936844,-0.1438584254651728,-51.22554158683298
747.8204998306888,0.0025484458848239,-0.1447318710363157,-51.35719512443684
749.6810746835943,0.003420989484452611,-0.1453432095444663,-51.48502773357023
751.546278640388,0.002910223346345295,-0.1456810268033639,-51.61782826323207
753.4161232182643,0.003377084303682405,-0.1462941743881859,-51.75121545124654
755.2906199630723,0.002933716591724262,-0.1468303035907672,-51.87826256689686
757.1697804493882,0.002557139647283868,-0.1474224066824125,-52.01319251604428
759.0536162805846,0.003038870028226469,-0.1480293685536956,-52.14518094334132
760.9421390889036,0.002930282318352585,-0.1482876164037765,-52.27526264862743
762.8353605355283,0.003210873620649836,-0.148913725013294,-52.40843474356461
764.7332923106544,0.002433171064291014,-0.1492913130573962,-52.54308193232934
766.6359461335638,0.003006969269399959,-0.1500626691205371,-52.67827460654602
768.5433337526954,0.003139631211371998,-0.1505798049099465,-52.80909152012782
770.455466945717,0.002765038184822299,-0.1509838843701089,-52.94657220314167
772.3723575196015,0.003137446934893741,-0.1513408869192363,-53.0812004007899
774.2940173106952,0.003210675545562381,-0.1518471571813358,-53.21393534895779
776.2204581847951,0.002802522063588464,-0.1526687321186474,-53.35022824057867
778.1516920372187,0.003255625415517001,-0.1530809948342898,-53.48703021093326
780.0877307928804,0.003727834591985958,-0.1537322174062241,-53.62340128893356
782.0285864063625,0.002840091647852993,-0.1542259270364955,-53.76270330836522
783.9742708619913,0.002286361713567049,-0.1547585196483418,-53.8996237652716
785.9247961739088,0.002851961296940265,-0.1551629623584403,-54.03334526441624
787.8801743861502,0.003292929824295504,-0.15625810785782,-54.17300208849904
789.8404175727137,0.003374753091724837,-0.1564185360573148,-54.30844712134954
791.8055378376397,0.002966327162545782,-0.1573372122341279,-54.44846231402641
793.7755473150819,0.002659875781836608,-0.157263097250177,-54.58739122673265
795.7504581693848,0.002598379680179401,-0.1582207061590352,-54.72318215133659
797.730282595157,0.002551684528596969,-0.1586352929243822,-54.86358414988096
799.7150328173481,0.002763042701725252,-0.1590568857277213,-55.0056962050802
801.7047210913219,0.002820186037577762,-0.1598617518433651,-55.14664863840494
803.6993597029353,0.002956178371174825,-0.16024155594443,-55.2885296892189
805.6989609686109,0.003094190204878345,-0.1609678542590997,-55.42774916002429
807.7035372354153,0.003108965298447984,-0.1616182589167631,-55.57039442321493
809.7131008811341,0.003293153516218154,-0.1622513294511879,-55.71224012209836
811.7276643143497,0.002584291351909016,-0.162750163011994,-55.85643465083322
813.7472399745151,0.003009754019045106,-0.1634106941750295,-55.99672953826572
815.7718403320353,0.002945764937206052,-0.1636954337842657,-56.14042214238358
817.8014778883388,0.00298581036421116,-0.1645595757027308,-56.28345778771688
819.8361651759603,0.002694081564480542,-0.1651405842563186,-56.42790425890865
821.8759147586132,0.003278258906263708,-0.1657405491781643,-56.57321335457654
823.9207392312707,0.002579293643869324,-0.1662148658141808,-56.71633949505053
825.9706512202415,0.002803763100789728,-0.1670752980264374,-56.86230188325229
828.0256633832491,0.003321934859971208,-0.1676423018064085,-57.00806313287014
830.0857884095087,0.003226138701914953,-0.1683251682622121,-57.15383892463068
832.1510390198074,0.003768572317355356,-0.168519004600659,-57.2992010929049
834.22142796658,0.00307398156262178,-0.1694501075149359,-57.44521924279628
836.2969680339907,0.003546722622328712,-0.1699677151603763,-57.59292863260221
838.3776720380098,0.00293784441914502,-0.170767145885706,-57.74280024425389
840.4635528264939,0.002789911204735592,-0.1709821130397526,-57.8895671546907
842.5546232792653,0.003244509729721083,-0.1718275428543079,-58.03675663702246
844.6508963081909,0.003303601386184437,-0.1725952035736547,-58.18687670244667
846.7523848572624,0.003412730866978631,-0.1729370893759506,-58.3362005178758
848.8591019026765,0.003615406178570889,-0.1736494062901621,-58.48322117570434
850.9710604529137,0.002561815457542023,-0.1742117089511729,-58.6344717780583
853.0882735488206,0.002583087763482938,-0.174813220931227,-58.78714666703332
855.2107542636886,0.002909572686055658,-0.1755094659962564,-58.93476154370683
857.3385157033358,0.003567723432742323,-0.1764295010837818,-59.08878788579035
859.4715710061876,0.003380151730194635,-0.1767693323541411,-59.24049746679925
861.6099333433574,0.003122706285110291,-0.1771628560829848,-59.39390961821923
863.7536159187282,0.003479700484522678,-0.177710546820736,-59.54499621281218
865.9026319690353,0.002924787530606921,-0.178090342221565,-59.69850530699635
868.0569947639453,0.003161329920024381,-0.1786336942406597,-59.85086988868102
870.2167176061412,0.003193605628064802,-0.1796827616712136,-60.00552952746443
872.381813831402,0.003207128459659645,-0.1803292342109044,-60.16019337623142
874.5522968086863,0.003149467946453073,-0.1808171005660071,-60.31525391067609
876.7281799402153,0.003916316566450488,-0.1814327531484652,-60.47062817520204
878.9094766615539,0.003466347267833454,-0.1817986965241991,-60.62618586505731
881.0962004416951,0.002520709946087321,-0.1823637189414428,-60.78310962603054
883.2883647831429,0.003690896198498916,-0.1835327694666064,-60.9397060967705
885.4859832219951,0.003366885240268858,-0.1837590418280539,-61.0961703716621
887.6890693280277,0.003326850494664223,-0.1841608249411531,-61.25370043170095
889.8976367047777,0.003614892539769333,-0.1854644596829272,-61.41135523101029
892.1116989896278,0.002570486286360664,-0.1857547048248366,-61.57000326675103
894.3312698538913,0.003302390628146587,-0.1868654217590882,-61.7298394782536
896.5563630028944,0.003022984868544143,-0.1871148711876978,-61.88918150466397
898.7869921760625,0.003554218678633075,-0.18754557212548,-62.04651299779082
901.0231711470057,0.003123040710653255,-0.1884809550734983,-62.20598287258952
903.264913723601,0.002776184746824211,-0.1888099869758232,-62.37127156765771
905.512233748081,0.003078596409493504,-0.1900186336466604,-62.53169287805315
907.7651450971168,0.00322970628206255,-0.189999716488999,-62.69056519768123
910.0236616819045,0.003579622907818734,-0.1911102239338389,-62.85492650941264
912.2877974482518,0.003217446302274224,-0.1913188963265397,-63.01540681927088
914.5575663766635,0.003015814280358729,-0.1923135569151652,-63.18080661623996
916.8329824824269,0.003575749353810596,-0.1927765330942467,-63.33957610869645
919.1140598157009,0.003167405967131593,-0.1934003548772689,-63.50701006206145
921.4008124615995,0.002423858497404538,-0.1937985508486906,-63.6725846926301
923.6932545402814,0.003053981294063101,-0.1950735569818094,-63.83539325072881
925.9914002070361,0.002427177516204214,-0.1954085873514667,-64.00165161486782
928.2952636523709,0.003401724803488537,-0.1959823646909276,-64.16754217211512
930.6048591020999,0.002919946507383192,-0.1968842595049133,-64.33372287177595
932.9202008174303,0.002570304840779697,-0.1972200029819637,-64.50030772063434
935.241303095051,0.003125719861332858,-0.1983870727775354,-64.66650010414396
937.5681802672218,0.003424818621793611,-0.1986908022907578,-64.83404337896386
939.9008467018605,0.003485224822424697,-0.1994929276952522,-65.00194170952727
942.2393168026321,0.003433366472535919,-0.2000625103883014,-65.17115398693352
944.5836050090384,0.002996824892293036,-0.2010143287418819,-65.33977379394484
946.9337257965061,0.003481875799440468,-0.2014323075445141,-65.50941606645688
949.2896936764776,0.002727280221589287,-0.2022013078229358,-65.68282374824996
951.6515231964985,0.003576650665326369,-0.2032900339291968,-65.85194364560321
954.0192289403094,0.003204008601089841,-0.2034530742269559,-66.02275965579679
956.3928255279353,0.003769934553149898,-0.2048672712072086,-66.19266621296104
958.7723276157752,0.003179565152021007,-0.2054086093702411,-66.36933979741785
961.1577498966936,0.00305866280667368,-0.206091231107188,-66.53891085987243
963.5491071001107,0.003356448799032332,-0.2069180468843265,-66.71360906855926
965.9464139920934,0.003411593251075133,-0.2076248300020853,-66.88331711274667
968.3496853754468,0.003349475549999226,-0.2082020836918729,-67.06139737691542
970.7589360898048,0.002753965974502885,-0.2085016702974942,-67.23582169059517
973.1741810117226,0.003504347164969192,-0.2092703225730726,-67.41155674178569
975.5954350547681,0.00356573662517012,-0.2102842076606591,-67.58786966417708
978.0227131696145,0.003019311919541362,-0.2105725442339543,-67.76448618007551
980.4560303441312,0.003736507012484964,-0.2115830647654022,-67.9394669490049
982.8954016034791,0.002959809872097597,-0.2123812381953899,-68.11901827881023
985.3408420101996,0.003012359701951997,-0.212899340019534,-68.29576694179185
987.7923666643112,0.002979194444704434,-0.2136322618897764,-68.47367511278776
990.2499907034007,0.003597422371828554,-0.2147014155988513,-68.65362615111628
992.7137293027166,0.003588868414096725,-0.2157613738157996,-68.8352745487889
995.1835976752647,0.003481008475004042,-0.2164672832061995,-69.01281030670516
997.6596110718993,0.00320615943770063,-0.2169444136432307,-69.19346368093628
1000.141784781419,0.003764825350758881,-0.2178671355428825,-69.37616672669415
1002.630134130663,0.002838220727534833,-0.2181835215087268,-69.55387109933474
1005.124674484599,0.002646312887836627,-0.2190846362579868,-69.73971623256588
1007.625421246428,0.003048506630358638,-0.2197706938222102,-69.92241457268821
1010.132389857671,0.003381215382720934,-0.2205954249241751,-70.10683668857492
1012.645595798268,0.003129158421300891,-0.2213985457718601,-70.28720856234375
1015.165054586673,0.00288158586094027,-0.221986825123199,-70.4732621038377
1017.690781779951,0.002443937690219312,-0.2225899504445493,-70.65962111618958
1020.22279297387,0.002911322969904146,-0.2231729645996003,-70.84183383569069
1022.761103803003,0.003153135386900591,-0.2245695725539416,-71.02910509206453
1025.305729940822,0.003191609613779618,-0.225016273146343,-71.21768882255645
1027.856687099793,0.00335847201510623,-0.2257777363885945,-71.40614119244998
1030.413991031473,0.003142382968158292,-0.2267484338765554,-71.59065394984617
1032.977657526614,0.002943693109413979,-0.2274166596929482,-71.78104628041612
1035.54770241525,0.003011177023202759,-0.2281060708367051,-71.96834445670052
1038.124141566804,0.002808687987409311,-0.2290035791277729,-72.15867787002173
1040.706990890178,0.002731980460529706,-0.2300509486120014,-72.349661984058
1043.29626633386,0.003405907855502672,-0.2309713400911668,-72.53809239214593
1045.891983886014,0.003666729597092128,-0.2316990417712503,-72.7311580411986
1048.494159574585,0.003089890669088714,-0.2321487917981363,-72.922371330168
1051.102809467392,0.003205117758872131,-0.2331214622455944,-73.11491754724358
1053.717949672236,0.00324364136003902,-0.2340432386387248,-73.30828498572203
1056.339596336989,0.003296492816866397,-0.2349460704926544,-73.50317754597846
1058.967765649703,0.003067851078508667,-0.2353839972182144,-73.69546201332773
1061.602473838702,0.002899793935983029,-0.2365891509733031,-73.89371150243821
1064.243737172689,0.003225205131354016,-0.2372515473285796,-74.08737334043539
1066.891571960842,0.00345436324494797,-0.2381667511549602,-74.2830156720233
1069.545994552917,0.003421489108661212,-0.2389942334295355,-74.48069206703816
1072.207021339347,0.003902859658692382,-0.2401028046650658,-74.67701218424725
1074.874668751346,0.003489036238372153,-0.2406924844814351,-74.87667014616724
1077.548953261007,0.002981815767114181,-0.2417933209375512,-75.07525218110412
1080.229891381407,0.004102645083683631,-0.2422974129808421,-75.27272306930911
1082.917499666705,0.002989552717086719,-0.2431322445216768,-75.47559658012159
1085.611794712251,0.003323525261467415,-0.244466049067783,-75.67442507372989
1088.31279315468,0.003385631107729894,-0.245514112223811,-75.87576389142589
1091.020511672021,0.003179790724531308,-0.2456794220900161,-76.07551729450481
1093.734966983798,0.003221509245955538,-0.2463179774974826,-76.27899707715545
1096.456175851133,0.004310367132146592,-0.2475469777481705,-76.48001347271213
1099.184155076847,0.003572112424803626,-0.2486686226910126,-76.684848418963
1101.918921505571,0.002962526207742852,-0.2492998091178978,-76.89067615081859
1104.660492023841,0.00318795605992129,-0.2501706535538584,-77.09614050200136
1107.408883560211,0.002767626017717636,-0.2511268026051321,-77.30089431820677
1110.164113085347,0.003298545206630034,-0.2524978587823447,-77.50373378321504
1112.926197612146,0.003198472881044004,-0.2531781682938941,-77.71485105944899
1115.695154195826,0.003943616954659173,-0.2544032615438649,-77.92276688161124
1118.470999934042,0.00290845539923509,-0.2547367278950508,-78.12951850210601
1121.253751966986,0.002810620046918276,-0.2556274120746394,-78.34105585948039
1124.043427477497,0.003202223546215663,-0.256800495885782,-78.54800792204466
1126.840043691163,0.003648561474479794,-0.2578038674122634,-78.75673183369881
1129.64361787643,0.003472828924814702,-0.2590485146994994,-78.96902098218808
1132.454167344708,0.004357645480511073,-0.259343654491636,-79.17997493325208
1135.271709450476,0.004153138096941196,-0.2609483814585858,-79.39241960650851
1138.096261591394,0.002986318672692865,-0.261346249918544,-79.60782379077217
1140.927841208404,0.003374658368097744,-0.262328415315025,-79.82080561931275
1143.766465785843,0.003780089925919815,-0.2640012131332509,-80.03515475245045
1146.612152851549,0.003937906526105739,-0.2649620066531032,-80.249575099372
1149.464919976968,0.003450134152980565,-0.2657539762591012,-80.46353298631382
1152.324784777265,0.003344718419737047,-0.2667635311350016,-80.6819319307283
1155.191764911431,0.003824780886167272,-0.267431205625676,-80.90082742211469
1158.065878082392,0.003391699605620988,-0.2689578494476644,-81.1165963270614
1160.947142037119,0.003666238854374283,-0.2697719128559834,-81.33704327356175
1163.835574566738,0.003143423373481304,-0.2707284061688646,-81.5564955402901
1166.731193506638,0.003691091299725919,-0.2721103994014201,-81.7757108441412
1169.634016736585,0.003380863675448799,-0.2726862865404022,-81.99886480210293
1172.544062180827,0.003519216321964848,-0.2738554313961832,-82.21724958937216
1175.461347808209,0.004140827746669334,-0.275302377856833,-82.43901347565971
1178.385891632281,0.003333323535193553,-0.2763270757645881,-82.66463325130552
1181.317711711413,0.00320187101732445,-0.2771284197982426,-82.88603852648154
1184.256826148901,0.003624108439674109,-0.2785417782528989,-83.11390838250185
1187.203253093085,0.003343703344589648,-0.2792928424794167,-83.33670000106395
1190.157010737457,0.003796414268234928,-0.2807353758200571,-83.56183596073994
1193.118117320773,0.003931807307676281,-0.2820353338817649,-83.79060926239649
1196.086591127169,0.003241125357186211,-0.2827164497352417,-84.01847554747563
1199.06245048627,0.003441989319531751,-0.2840605979638581,-84.24528467084512
1202.045713773306,0.002748704339664531,-0.2851245533657902,-84.47443879907874
1205.036399409225,0.003441230684960636,-0.2862182520757132,-84.70300013997257
1208.034525860806,0.003322666160616825,-0.2875884562311055,-84.9357937956307
1211.040111640773,0.003749751728789611,-0.2884978180061893,-85.16664450375796
1214.053175307908,0.00314533318050861,-0.2897174695811879,-85.40137323039903
1217.07373546717,0.003303996865649628,-0.2914791499995612,-85.6321686851181
1220.101810769806,0.004126137603549412,-0.2928191339990905,-85.86493845246477
1223.137419913467,0.003022872673383351,-0.2937114939546626,-86.09963682156292
1226.180581642323,0.0039103212368062,-0.2948541424138579,-86.33543560313461
1229.23131474718,0.00314014145958356,-0.2961430638651217,-86.57221627227433
1232.289638065598,0.003788420969189199,-0.297509754415867,-86.81222168866496
1235.355570482,0.00403997538105466,-0.2986700511115905,-87.04630940868735
1238.429130927797,0.004287074141624978,-0.3001601295220489,-87.2832372576278
1241.5103383815,0.003752930180302321,-0.3012836787900121,-87.52525909199218
1244.599211868838,0.003758856716185602,-0.3028067871521269,-87.76525003612716
1247.695770462877,0.003631498923709886,-0.3041540675205026,-88.00421382745213
1250.800033284136,0.00407641620647,-0.305636168587719,-88.24600224381135
1253.912019500706,0.003857755861503385,-0.3067986966889107,-88.49031970786912
1257.03174832837,0.003462979578341352,-0.3080054329533279,-88.73304629645834
1260.159239030715,0.003612270584225304,-0.3096106163582075,-88.97879871646533
1263.29451091926,0.003969588319612488,-0.3104872551264726,-89.22633684012732
1266.437583353571,0.003270609462826648,-0.3115899977883163,-89.4679786371052
1269.588475741377,0.003652757747744703,-0.3131460367288812,-89.71717238431438
1272.747207538698,0.003221372135017008,-0.3146010293271934,-89.96812206342781
1275.913798249956,0.003813986046425609,-0.3158537117325139,-90.21292232006454
1279.088267428103,0.003708814829296583,-0.3173671220700919,-90.467036930917
1282.270634674738,0.004283098187902271,-0.3191781057682921,-90.71317391243244
1285.460919640228,0.003557447659741091,-0.3211181657134503,-90.96684358347777
1288.659142023831,0.003545476004444477,-0.3221565407352263,-91.21726485228734
1291.865321573816,0.003108650615258609,-0.3233222652797665,-91.47212538675902
1295.079478087585,0.003447782464385118,-0.3254831499553346,-91.7282846330082
1298.301631411798,0.003026397069525093,-0.3264606239943642,-91.97911082851691
1301.531801442491,0.003866869947562056,-0.3289651133492504,-92.23759378754018
1304.770008125203,0.00395225022901472,-0.3306130610840653,-92.49377297137147
1308.016271455097,0.003498489087182204,-0.3317819120485676,-92.75089832676213
1311.270611477083,0.00376268766400844,-0.332912587672096,-93.01204135209355
1314.533048285944,0.00375622212802948,-0.335495446789646,-93.26969975618289
1317.803602026458,0.003768316206679597,-0.3373198536243885,-93.52928676558486
1321.082292893523,0.003879804462798456,-0.3382928053440216,-93.7934646333793
1324.369141132282,0.003816675975661641,-0.3401674129489082,-94.05390420362494
1327.664167038248,0.004182272864617151,-0.3415013194550797,-94.31921074780834
1330.96739095743,0.00340429471427807,-0.3436879051803816,-94.58014780785459
1334.278833286456,0.003552491251264098,-0.3455352253259946,-94.84833851864397
1337.598514472702,0.003461121848534634,-0.3464782520187712,-95.11357534693747
1340.926455014417,0.003724505502113759,-0.349133588677124,-95.38172097070611
1344.262675460848,0.004523647216155322,-0.3509039432635863,-95.64750290150795
1347.607196412371,0.00385649039956435,-0.352781988175094,-95.91535363978858
1350.960038520614,0.003330985988535599,-0.354444657296042,-96.18776206984658
1354.321222488586,0.004053710482009115,-0.3561783526682641,-96.45818926767402
1357.690769070806,0.004035597542803477,-0.3586217343383363,-96.73183587617841
1361.06869907343,0.003704688085614592,-0.3604804102763234,-97.00428449752542
1364.455033354379,0.003340919932451098,-0.3621252870910173,-97.2770866201115
1367.849792823469,0.003665898230149759,-0.3642590483323716,-97.55387215640462
1371.252998442539,0.003898136542354047,-0.3669183370262918,-97.82967700871518
1374.664671225581,0.004041674457351855,-0.3690018545695214,-98.11067708715363
1378.084832238871,0.004007157975191237,-0.3711068678293297,-98.38556618928288
1381.513502601097,0.004411637982773542,-0.3733389555743966,-98.66572713519717
1384.950703483489,0.004384256479677026,-0.3755074547186142,-98.94579609474376
1388.396456109954,0.003779613652233644,-0.3774358666490138,-99.23029050463292
1391.850781757199,0.004163039081482716,-0.3799652642429057,-99.50889248757068
1395.313701754874,0.003318830273507646,-0.3815717111250232,-99.7969494285631
1398.78523748569,0.004609496354048802,-0.3849284548158178,-100.0809932027897
1402.265410385566,0.003937457233909814,-0.386470637496223,-100.365643487767
1405.754241943744,0.003357418240676533,-0.3888527150410142,-100.6551881977143
1409.251753702941,0.003244545765185039,-0.3909896741737203,-100.9430187324674
1412.757967259465,0.003878824129120997,-0.3946077031617223,-101.2287485118121
1416.272904263358,0.003378541286357382,-0.3962257458359061,-101.519431165471
1419.796586418528,0.003336982791696716,-0.3984350498779757,-101.8128508090091
1423.329035482883,0.003526329334930725,-0.4013960510330858,-102.1023771334984
1426.87027326846,0.003758669500030934,-0.4042285810130855,-102.3947085444118
1430.42032164157,0.00362736308366164,-0.4062236905160435,-102.6895788205828
1433.979202522922,0.004249986153316558,-0.4095777468889508,-102.9883661343674
1437.54693788777,0.003993934653120639,-0.4121485844015207,-103.2829707946164
1441.123549766036,0.003805339105133671,-0.4151934199188028,-103.5815614325973
1444.709060242457,0.003552040672849075,-0.4176868557100959,-103.8793610093997
1448.303491456712,0.003921277489176615,-0.4207869188239707,-104.1794026135142
1451.90686560357,0.003501630079989714,-0.4228956465187908,-104.486022754021
1455.519204933014,0.003219448379380765,-0.4260881892860346,-104.7849377983169
1459.140531750389,0.003523000305462184,-0.4291219156868041,-105.0910579327396
1462.770868416533,0.004016483874987161,-0.4320850616030672,-105.3951822037155
1466.410237347922,0.004197035366861743,-0.4352004273869042,-105.7001867857113
1470.058661016797,0.003984863533938864,-0.4387760072323762,-106.0071105905104
1473.716161951318,0.003374208209052267,-0.441396472218373,-106.3156960019058
1477.382762735687,0.003560455761547807,-0.4445720191369618,-106.625699936263
1481.058486010303,0.003285147887324536,-0.4485672292139701,-106.9405719549394
1484.743354471888,0.004034454872427528,-0.4514807580636677,-107.2521305626398
1488.437390873638,0.003994434626459324,-0.4544271674306818,-107.5634310637941
1492.140618025355,0.003613795219671249,-0.4579483264850967,-107.8790083415025
1495.853058793596,0.003837591180541583,-0.4614635821624692,-108.1956149629574
1499.574736101804,0.0043297578083156,-0.4656539844714663,-108.5100711543707
1503.305672930462,0.003672002403885928,-0.4685876644270051,-108.8244332148566
1507.045892317224,0.004296987976588447,-0.4733654224587404,-109.1514528705435
1510.795417357064,0.004270437904540287,-0.4770337122020697,-109.4675546240981
1514.554271202412,0.00382808710675909,-0.4799131563968426,-109.7919151536646
1518.322477063308,0.00428781803064411,-0.4837756682809264,-110.1155700796472
1522.100058207533,0.004019008360124969,-0.4878521208564484,-110.4379105404648
1525.88703796076,0.00334959387826006,-0.4912142963212827,-110.7655116807933
1529.683439706697,0.004151334686836427,-0.4960189013321612,-111.0919634210274
1533.489286887229,0.004712656156231961,-0.4998944209412599,-111.4186923086262
1537.304603002564,0.004884135058576704,-0.504294783903353,-111.7506285649413
1541.129411611382,0.004122450899657439,-0.5083659716731714,-112.0797638990388
1544.963736330972,0.003576905680413214,-0.5129412067041477,-112.4140323760737
1548.807600837387,0.004657655926589004,-0.5174236349161815,-112.7457000107271
1552.661028865583,0.003807837256627789,-0.5213861954422159,-113.0860007141072
1556.52404420957,0.003735296337511271,-0.5262537399666938,-113.4193463880702
1560.396670722557,0.004255725774863755,-0.5303027864570588,-113.757860590798
1564.278932317099,0.003126983717940003,-0.5357700156056215,-114.1007670165779
1568.170852965246,0.004379615903111189,-0.5403438270766989,-114.4379123849869
1572.072456698693,0.004575463432084523,-0.5457805121851212,-114.780701177238
1575.983767608919,0.004322975706304664,-0.5498876562145358,-115.1236952495264
1579.90480984735,0.004284446363199929,-0.5554831084848338,-115.4713179581891
1583.835607625496,0.004583225113373211,-0.5605629012764769,-115.8130396002848
1587.776185215107,0.004682695731826117,-0.5654438068843882,-116.1632245022398
1591.72656694832,0.003870231222913701,-0.5703694730536247,-116.5119791263432
1595.686777217812,0.003981174329854358,-0.5760434003685827,-116.8619519100323
1599.656840476946,0.004675929515650446,-0.581719703733057,-117.2100351894636
1603.636781239929,0.003995621806315519,-0.5875741897232637,-117.5675685605577
1607.626624081954,0.004698317399952492,-0.5937680585573059,-117.9248987625335
1611.626393639362,0.004783646549369158,-0.5994268674352884,-118.2767797595818
1615.636114609787,0.00406006169856957,-0.6056334597113626,-118.6334792581725
1619.655811752309,0.003681781081754005,-0.6104615442128113,-118.9982004578597
1623.685509887612,0.004285208857770469,-0.6163960802748593,-119.3573455220588
1627.72523389813,0.003590282950316887,-0.6236091408993838,-119.7200420966824
1631.775008728208,0.00406891016397891,-0.6289843687686916,-120.0795722021362
1635.834859384251,0.003678607768026292,-0.6352943534424189,-120.4469780540921
1639.904810934878,0.004730372695815822,-0.6424326654451827,-120.809028965423
1643.984888511081,0.003898676387256743,-0.64957680085188,-121.1835220549718
1648.075117306378,0.00366085109583004,-0.6557989548595633,-121.5468852959189
1652.175522576966,0.004032732832358881,-0.6619420584489772,-121.9200030509025
1656.286129641882,0.00363921182223386,-0.6696593336801472,-122.2918208565752
1660.406963883155,0.004347118441890068,-0.6764376146546535,-122.6623294072624
1664.538050745964,0.004191087782257024,-0.6846313296757598,-123.0448049818755
1668.679415738799,0.004613144689165011,-0.6916796167672257,-123.4183162535415
1672.831084433609,0.00385720811337368,-0.6993342676771377,-123.7960303458025
1676.993082465972,0.003879407814498743,-0.7066118482291839,-124.1780639411354
1681.165435535244,0.004848365104402909,-0.7154512347733064,-124.5587731764274
1685.348169404721,0.004006031881855437,-0.7233096542822617,-124.9406436670478
1689.541309901799,0.004030666633242154,-0.7310965129979018,-125.330071194047
1693.744882918131,0.004222100291683457,-0.7386598390662782,-125.7115432268508
1697.95891440979,0.004565868180007071,-0.7478850365895117,-126.1022803569816
1702.183430397428,0.002905859600873623,-0.7558913044120033,-126.4892397114955
1706.418456966433,0.004339391383220051,-0.764756396630061,-126.8828057490759
1710.664020267098,0.004252552238949747,-0.7730524300648584,-127.2737550256801
1714.920146514773,0.004180382622578698,-0.7819712054289087,-127.6666110431675
1719.186861990037,0.003669783826302798,-0.7915241367122803,-128.0603999374609
1723.46419303885,0.004286935949428253,-0.8003670837889241,-128.4590390567489
1727.752166072722,0.004003753077622112,-0.8100360871430423,-128.8545168669514
1732.050807568878,0.002815116276965509,-0.8197057049359919,-129.2603095677138
1736.360144070414,0.003552777256164139,-0.8299772051510548,-129.6572070440062
1740.680202186468,0.00403286926041067,-0.840521564073099,-130.0630432660047
1745.01100859238,0.004074053207923636,-0.8505052439888354,-130.4666152551745
1749.352590029858,0.003547565291593818,-0.8604748643860284,-130.8705640112248
1753.704973307144,0.004605614530290766,-0.8716209476671216,-131.279978577912
1758.068185299179,0.004589852961310174,-0.882718359452075,-131.6937963854893
1762.442252947767,0.004098857652810307,-0.893868884949143,-132.1030718368425
1766.827203261747,0.004213952563054819,-0.9042532168125637,-132.5162116444349
1771.223063317152,0.004601444998412432,-0.9152141594546976,-132.9313633315045
1775.62986025738,0.003793846016631624,-0.9273272754260313,-133.3432412728171
1780.047621293366,0.004496880598203606,-0.939309688274848,-133.7612962523068
1784.476373703741,0.004922624367592623,-0.951249588570431,-134.1804377674497
1788.916144835007,0.004716995582738223,-0.9628455541918988,-134.6005343588526
1793.366962101705,0.003612001604153631,-0.9747418492752353,-135.0242563761486
1797.828852986581,0.005134539465243268,-0.9880649037869977,-135.4429024009939
1802.30184504076,0.004174145238097855,-1.00077243967372,-135.8674571695368
1806.785965883914,0.004643969458837998,-1.014285353453281,-136.2965833189376
1811.28124320443,0.003697319762291252,-1.027752391626399,-136.725764614696
1815.787704759588,0.00419235873594825,-1.041029587360225,-137.1570923805572
1820.305378375724,0.004598508327629116,-1.054919709643531,-137.5857743892847
1824.834291948408,0.004839901554801523,-1.068809679807645,-138.0201733597311
1829.374473442614,0.00391563914329557,-1.082308769369255,-138.456429444556
1833.925950892892,0.004577854333441001,-1.097869067194478,-138.8896351197324
1838.488752403541,0.005189197925356126,-1.111805179596726,-139.3243161002794
1843.062906148787,0.003660420619032291,-1.126154821384145,-139.7635219274331
1847.648440372949,0.003712156772453676,-1.14207153265659,-140.206926512443
1852.24538339062,0.003736093774218221,-1.158073616187125,-140.6472670630718
1856.85376358684,0.004449891677823921,-1.173140472627929,-141.0925517482401
1861.47360941727,0.004149381145731696,-1.189302999591032,-141.5389442759952
1866.104949408369,0.004126806892700797,-1.206074808662274,-141.9869709150995
1870.747812157568,0.003642519339818944,-1.222405203497337,-142.4311175544484
1875.402226333453,0.004966335618537499,-1.238990862113549,-142.87979273017
1880.068220675931,0.003806738768035871,-1.256278097664131,-143.332667097555
1884.745823996418,0.004690143113540182,-1.273298745103556,-143.7864914188352
1889.435065178013,0.003843245018726763,-1.290987029590188,-144.2397472066268
1894.135973175673,0.004023180883984718,-1.308824313126983,-144.6945653845953
1898.848577016397,0.003541028552921902,-1.32666614065417,-145.1501788626325
1903.572905799404,0.004134524381624018,-1.34547808312328,-145.6079703909132
1908.308988696308,0.004179254254468615,-1.36467439220908,-146.0640715426044
1913.056854951306,0.00452140666338966,-1.384770254832181,-146.5256375722389
1917.816533881353,0.003975805574241504,-1.403012032500835,-146.9910553551008
1922.588054876343,0.004588302182217824,-1.423086171077032,-147.455057948289
1927.371447399294,0.004541956752042408,-1.444118282751016,-147.9141171172581
1932.166740986527,0.004318397704327619,-1.463988712041297,-148.3873198693005
1936.97396524785,0.003509699164375406,-1.484182393327229,-148.8502587835286
1941.793149866737,0.004393301911493203,-1.50657992199466,-149.3191616412743
1946.624324600519,0.00415985887418897,-1.526642493738284,-149.7898673415164
1951.467519280561,0.005373078240810837,-1.549429747036406,-150.2606730735903
1956.322763812448,0.004297451397528757,-1.571357721724138,-150.7336512776367
1961.190088176169,0.003668370740207804,-1.593148622985937,-151.2067556259736
1966.069522426306,0.004596056429491503,-1.616270538380799,-151.6855213431974
1970.961096692214,0.004587632858724021,-1.639516403342977,-152.1555192256752
1975.864841178212,0.004179686320539624,-1.662332646068316,-152.6355721468547
1980.780786163765,0.003576193885537817,-1.6863584556856,-153.1135228905634
1985.708962003675,0.004406275085283412,-1.710481308187896,-153.5913082709989
1990.649399128265,0.00468999398389826,-1.7350786722355,-154.0734388019032
1995.602128043571,0.00399877630582955,-1.760549599699599,-154.5585865663331
2000.567179331525,0.003642396957615205,-1.784542909847037,-155.038384380068
2005.544583650149,0.004467745219955212,-1.811589062931505,-155.5195039697903
2010.53437173374,0.004133315865559637,-1.836478280030517,-156.0030541988936
2015.536574393064,0.004287999976564033,-1.86415697945942,-156.4899421274132
2020.551222515543,0.005122095897599922,-1.889470128815301,-156.9749282333234
2025.578347065446,0.003830529704983196,-1.916979138240059,-157.4656116069169
2030.617979084083,0.003992272128915246,-1.942962685940959,-157.955640813192
2035.670149689994,0.003512444100823324,-1.972734135900031,-158.4433264775702
2040.73489007914,0.003846366458454267,-2.000214396216967,-158.9343781242402
2045.812231525099,0.003918178446565608,-2.028411387455918,-159.4251688518179
2050.902205379258,0.004836314722709375,-2.058911381234693,-159.914202807824
2056.004843071006,0.0041336541488125,-2.086425365885743,-160.411399909058
2061.120176107926,0.004283911754127186,-2.118027955677818,-160.9049195493702
2066.248236075994,0.004632322992313544,-2.147939514117996,-161.3981242234654
2071.389054639772,0.0042748412257488,-2.177317907264693,-161.8903371901143
2076.542663542603,0.004457745006911483,-2.208483149182495,-162.3859444232299
2081.709094606806,0.003519339515807759,-2.239801393540363,-162.8823004287576
2086.888379733874,0.003869051254149812,-2.272022636609106,-163.3851017753261
2092.080550904674,0.003919608464471258,-2.3043732704157,-163.8795335180753
2097.285640179638,0.00542916382190521,-2.336521285126897,-164.379170218121
2102.503679698963,0.00339889439061227,-2.368653447630192,-164.875232525153
2107.734701682815,0.004844169809859482,-2.402756294858759,-165.3753933568606
2112.97873843152,0.00447798686772387,-2.435816838553767,-165.874844039341
2118.23582232577,0.003815387904149126,-2.469981756539325,-166.3736957109066
2123.505985826818,0.003817768890393842,-2.50499078017615,-166.8779271372512
2128.789261476681,0.003579210364831692,-2.53952988502766,-167.3796185230235
2134.085681898341,0.004078838185946605,-2.573980228905327,-167.879722693901
2139.395279795945,0.005059921026544246,-2.61063473505153,-168.3800300738084
2144.718087955008,0.004561945436816788,-2.646898307418279,-168.8897381116937
2150.054139242615,0.003698886598268182,-2.68304363531682,-169.3842552745283
2155.403466607626,0.003867344098621298,-2.720012906561518,-169.888296510996
2160.766103080875,0.00479458176468768,-2.757770636600938,-170.3935657137254
2166.14208177538,0.005140689290592106,-2.794694196403115,-170.8956558249326
2171.531435886539,0.004050437099488833,-2.83263868534541,-171.4026878169257
2176.934198692345,0.004187667935931453,-2.871452418531755,-171.9035893313364
2182.350403553584,0.004114416513219771,-2.910421575849951,-172.4065317264719
2187.780083914045,0.004875743604977079,-2.95095035299288,-172.9104914858258
2193.223273300722,0.004196950800149308,-2.989925309502159,-173.4159167111533
2198.680005324028,0.003703472092154081,-3.029784017644428,-173.9149558306448
2204.150313677995,0.00399433627536319,-3.069580786968991,-174.4259695170573
2209.63423214049,0.003717521100204918,-3.111220469233207,-174.928134646826
2215.131794573414,0.004301928115631607,-3.152692646356339,-175.4340803404385
2220.643034922921,0.003306667656442386,-3.193967282386251,-175.9392330382527
2226.167987219619,0.003695592323039753,-3.236442040970333,-176.4388949804017
2231.706685578787,0.004529329826467823,-3.278522365917067,-176.9435183200619
2237.25916420058,0.004233091205753273,-3.321047070192523,-177.4488919516327
2242.825457370247,0.00434194664703679,-3.365330547205522,-177.9535164702114
2248.405599458335,0.00365993920405689,-3.409026542414468,-178.457077683696
2253.999624920904,0.003344049174806383,-3.453001108120441,-178.9583411757187
2259.607568299744,0.003995957754183318,-3.496038604025263,-179.4626648972663
2265.229464222583,0.004855909724196497,-3.542020761787122,-179.9601161924605
2270.865347403303,0.004818156177726808,-3.586780456745396,179.5313537984912
2276.515252642154,0.003006386269626061,-3.632728101650865,179.0273369294453
2282.179214825968,0.004157452855838699,-3.677411248698404,178.5298131064037
2287.857268928377,0.004019344777741854,-3.72433567450126,178.0285750943984
2293.549450010026,0.005267673923363527,-3.771228521082446,177.5223609814052
2299.255793218791,0.004102139764552136,-3.818615925479545,177.0236526210516
2304.976333789996,0.003906955203801181,-3.864922239614804,176.5255998909912
2310.711107046631,0.004085551989403315,-3.913170724548839,176.0231539947844
2316.460148399568,0.003927128056674972,-3.960776125225678,175.5296323509163
2322.223493347782,0.004823410816507822,-4.00997790364967,175.0254810517233
2328.00117747857,0.003775334998895442,-4.05828264838993,174.5327327639527
2333.793236467769,0.004395757794680005,-4.10846416040443,174.0352816568347
2339.599706079976,0.004458408249470313,-4.158017588726653,173.536249513682
2345.420622168775,0.003709314695841697,-4.206891508883561,173.0386375275891
2351.256020676948,0.004078056186077997,-4.257646932459038,172.5410080010882
2357.105937636707,0.003682917724163927,-4.307490506235213,172.0500926010357
2362.970409169908,0.00371108119228473,-4.359400467576886,171.5505737094012
2368.849471488281,0.004041983182291904,-4.410826108244343,171.0616396895938
2374.74316089365,0.004997015243705638,-4.462824627675969,170.5676775206111
2380.651513778157,0.004699596311643271,-4.514950367364992,170.0721856892913
2386.574566624489,0.004288810270119755,-4.567595132893498,169.5777603926591
2392.5123560061,0.003825459333277684,-4.619571075000851,169.0842968514486
2398.46491858744,0.0038972139039995,-4.672936470269387,168.601449329617
2404.432291124178,0.004579349123175471,-4.72573597544766,168.1039209798185
2410.414510463435,0.004961102276555945,-4.780277315095635,167.6173282035505
2416.411613544004,0.004395209377114673,-4.832752022950045,167.1312339944073
2422.423637396582,0.004432696898325193,-4.888396510667456,166.6436851630157
2428.450619144,0.004256784298667717,-4.943006862509795,166.1542166018739
2434.492596001448,0.003656414064448939,-4.997901359337017,165.6709279001432
2440.549605276709,0.004967393199509014,-5.054011345484507,165.1911104572805
2446.621684370388,0.003888553853683312,-5.109305412284679,164.7047867125551
2452.708870776142,0.004497985742284828,-5.165676108621462,164.2171615402877
2458.811202080911,0.004908043837189542,-5.221620816253462,163.7385187716314
2464.928715965151,0.005040696767431635,-5.278295607723544,163.257554307244
2471.061450203071,0.004879499403827656,-5.33522878693007,162.7759269989515
2477.209442662857,0.003863426380955747,-5.392384771373885,162.2983978681039
2483.372731306913,0.004337932714114087,-5.4488608319145,161.8142739747068
2489.551354192094,0.004678691384445223,-5.507669753880156,161.337080331975
2495.745349469938,0.00485048642543035,-5.565635887126365,160.8561057879882
2501.954755386908,0.005253076633743788,-5.623778530777641,160.3878877679561
2508.17961028462,0.003849633261019663,-5.683502037553769,159.9145151380325
2514.419952600086,0.004565254480463946,-5.742266460927789,159.4409135895349
2520.675820865948,0.004115284073657066,-5.801583485462912,158.9720305650717
2526.947253710718,0.004466393714464674,-5.860292752964186,158.4982419368974
2533.234289859015,0.004863851648884952,-5.920000386857046,158.0275041031585
2539.536968131805,0.004194129050665071,-5.980021542450294,157.5574857922389
2545.85532744664,0.00382298978575538,-6.039110681641613,157.0942862052127
2552.1894068179,0.00412352792028886,-6.100777406990542,156.6286834336685
2558.539245357032,0.004468687754511762,-6.16110687565627,156.1545928849736
2564.90488227279,0.005169343994536292,-6.223616311219089,155.693441601598
2571.286356871484,0.004862374173688632,-6.28418440248635,155.2325479225775
2577.683708557212,0.004529328182797736,-6.346630252265573,154.7674523495506
2584.096976832115,0.004365280239688008,-6.408005890940002,154.3010060245786
2590.526201296611,0.004447097718501819,-6.470886836548038,153.8475580022792
2596.971421649646,0.005095609676969334,-6.53328463746817,153.386127755489
2603.432677688936,0.004953443108085296,-6.595941309293592,152.9263806508772
2609.910009311214,0.004247229526513127,-6.658350307743754,152.4719564058299
2616.403456512475,0.004359835126086866,-6.722137238174803,152.0146064570369
2622.913059388225,0.003707816918449338,-6.785280901567746,151.563133861555
2629.438858133726,0.005168783368583347,-6.849614138607669,151.1162482896479
2635.980893044248,0.004152655879118744,-6.912887525491159,150.6632426735968
2642.539204515314,0.004498247235893402,-6.97659389495572,150.2098875195473
2649.11383304295,0.003696954526867129,-7.040373301855443,149.7601161335681
2655.704819223939,0.004695133402912065,-7.106871088283286,149.3144466262858
2662.312203756066,0.004559286252621829,-7.170504448725462,148.8651736927778
2668.936027438372,0.004964771547871581,-7.237583221479875,148.4147593758443
2675.576331171406,0.004795258659028137,-7.30210872401639,147.9777177811202
2682.23315595748,0.004150001872289765,-7.367351482600992,147.5333748693313
2688.906542900916,0.004654562544649574,-7.43366037940101,147.0886966600388
2695.596533208306,0.004540595324242057,-7.497784039727293,146.6493595377063
2702.303168188762,0.00482786599028313,-7.565474110393188,146.2116693004614
2709.026489254175,0.003683533199840951,-7.632229931541961,145.7669340912723
2715.766537919467,0.002992192236708208,-7.698194512011188,145.3351653519802
2722.523355802849,0.004109988306888113,-7.764756665941873,144.902613460834
2729.296984626078,0.00390276364994438,-7.832757833389341,144.4726711035847
2736.087466214716,0.004265013540668237,-7.899750402981578,144.0410695708264
2742.894842498386,0.005721978317603276,-7.967793984271848,143.6141719848667
2749.71915551103,0.005030000384139544,-8.03495283816418,143.1781500908197
2756.560447391174,0.00416735769653697,-8.102775974992459,142.7485579744086
2763.41876038218,0.004058874742604289,-8.171791744096113,142.3220052169662
2770.294136832516,0.004957017738113611,-8.239790631501814,141.9002866475472
2777.186619196011,0.005188371339678198,-8.308474498235164,141.4750704267794
2784.096250032116,0.004819194598500053,-8.377432333837913,141.0460146708458
2791.023072006175,0.004667559330676434,-8.445644590419178,140.621243781727
2797.967127889679,0.003701836199451883,-8.515805597093257,140.2106284901488
2804.928460560536,0.004584680300074319,-8.585693310564158,139.7846318539829
2811.907113003334,0.004649072728176808,-8.654021112938228,139.3616597242131
2818.903128309607,0.004620487444049481,-8.723747699315595,138.9533638570041
2825.916549678101,0.00495949196333165,-8.792952439783667,138.5372653946797
2832.947420415037,0.004497141930167108,-8.862831270822603,138.1259468621941
2839.995783934386,0.004374815951519995,-8.934961221550019,137.7124783583517
2847.061683758131,0.004710397803405367,-9.005845821359982,137.2997981467877
2854.145163516536,0.005069725955864922,-9.075478825098237,136.8997100307762
2861.246266948421,0.004547732584020957,-9.147276730151027,136.4798851703243
2868.365037901423,0.005112211076987971,-9.219023296441126,136.0838057915108
2875.501520332275,0.00368251750537855,-9.290549174831522,135.6742123045254
2882.655758307074,0.004922672216436635,-9.362197291086927,135.2722842249684
2889.827796001553,0.004451175610584947,-9.43347622483955,134.8728890861682
2897.017677701353,0.004672293647295741,-9.505572588450187,134.4583248940051
2904.225447802299,0.005389369341869812,-9.577548828598456,134.0701142094946
2911.451150810673,0.004840007721440988,-9.648750148485011,133.6701315481714
2918.694831343485,0.003787152193655833,-9.72093057583184,133.2710156269518
2925.956534128756,0.005259097095147209,-9.795325873181428,132.8770384160586
2933.236304005788,0.004043812842870477,-9.865816260102239,132.4852157115182
2940.534185925444,0.004971039657808485,-9.93877775790946,132.0904374740173
2947.850224950426,0.004864490575045241,-10.01152999301134,131.7024274553851
2955.184466255547,0.005563121543883305,-10.08458290427848,131.3055213003593
2962.536955128021,0.004654534944730866,-10.15835643160784,130.9185935751353
2969.90773696773,0.005376905950808486,-10.23198425890872,130.537464449302
2977.296857287517,0.004596800553842787,-10.30641742526341,130.1458003986938
2984.704361713456,0.0049218711645748,-10.38072289000189,129.7691466203872
2992.130295985142,0.004828855776773945,-10.45257757595998,129.3755890989754
2999.574705955967,0.004921493818870252,-10.52711378928796,128.9988367083265
3007.037637593408,0.004211535028177404,-10.60218775873862,128.6176375654095
3014.519136979308,0.003929152307277784,-10.67618188702617,128.2400098603697
3022.019250310163,0.005578965783303792,-10.75175684956108,127.856755967314
3029.538023897403,0.004491674707792345,-10.82435706181572,127.4901921663772
3037.075504167683,0.004681637809157139,-10.90081835523953,127.1151974419892
3044.631737663167,0.005013957698271137,-10.97414083386377,126.7353047507903
3052.206771041815,0.004357480656177298,-11.04762342906632,126.363405590531
3059.800651077671,0.004542155470965819,-11.12426045491899,125.9992200199023
3067.413424661156,0.004439019182743704,-11.20001000398144,125.617003441225
3075.04513879935,0.004195638731210168,-11.27344720303201,125.2549485978442
3082.695840616291,0.004096161746605449,-11.35061616873712,124.8896962175459
3090.365577353256,0.005318183393152868,-11.42601085179099,124.528136525012
3098.054396369063,0.004722990087039919,-11.50059149270166,124.1658885830396
3105.762345140357,0.004700831949630339,-11.57643912256258,123.7953748530048
3113.489471261903,0.004382845899799463,-11.65409751332336,123.4329773506573
3121.235822446883,0.005803404400538814,-11.73043796365311,123.0775682087753
3129.001446527191,0.005630996018055773,-11.80713097425144,122.7196974686925
3136.786391453723,0.006547910400210929,-11.88270827526802,122.3621200758645
3144.59070529668,0.005313276811449797,-11.95998844998965,121.9998590117109
3152.414436245858,0.00448904408315348,-12.03622609568687,121.6481193896543
3160.257632610954,0.005446796088546273,-12.11308485752429,121.2942319090385
3168.120342821853,0.006019292992846466,-12.18892240183748,120.9367896403229
3176.002615428939,0.004674443615386112,-12.26536477273805,120.5895588743661
3183.904499103387,0.005798943499871084,-12.34115921471942,120.2405741317538
3191.826042637465,0.005333895148601024,-12.41824459151893,119.8916834210122
3199.767294944837,0.004649312553815142,-12.49607676982084,119.5347953418604
3207.728305060863,0.005259527834850107,-12.57258128326966,119.1955326617709
3215.709122142906,0.005731077425301435,-12.65133340401651,118.8547236294062
3223.709795470626,0.005168348661692494,-12.73065481774741,118.5111905344325
3231.730374446298,0.005935916983075142,-12.80787857680303,118.1640293305104
3239.770908595104,0.005345915961245812,-12.88329013846507,117.826460654761
3247.831447565448,0.005805511139095476,-12.96343631274423,117.4861759997253
3255.912041129257,0.005194504975773364,-13.0403390333705,117.1515668386967
3264.012739182291,0.005252028071324513,-13.11844169127044,116.8113444754842
3272.133591744452,0.005451172208886372,-13.19780462699507,116.4726190411781
3280.274648960088,0.005406066664534954,-13.27645253279512,116.1364560238243
3288.435961098309,0.005737864201406698,-13.35525231161432,115.7978723607213
3296.617578553294,0.00518221381682217,-13.43420602819775,115.4860188843433
3304.819551844601,0.005422505908062761,-13.51014011458551,115.1437742879761
3313.041931617481,0.004455708122800821,-13.58960459245968,114.8168821340525
3321.284768643191,0.005550586820686307,-13.66781738989225,114.492706337383
3329.548113819305,0.005184131958516257,-13.74633942678589,114.1654673565492
3337.832018170035,0.006066123073164495,-13.82707595986195,113.834193548143
3346.136532846533,0.005284659223394294,-13.90396243954376,113.5108146886186
3354.461709127221,0.005481863151375761,-13.98318758467737,113.1864224335866
3362.8075984181,0.005814690830837367,-14.06171053900034,112.864714589199
3371.174252253069,0.005326315580375265,-14.14047521021963,112.5408483232201
3379.561722294242,0.006197871976646542,-14.22125921729036,112.228883343587
3387.970060332269,0.006011676466026278,-14.30127616666189,111.914385377785
3396.399318286657,0.004754122258499641,-14.37851439675517,111.5873164686288
3404.849548206083,0.005636960447355611,-14.45923774933041,111.2667310977246
3413.320802268727,0.005404346722877736,-14.53825671760063,110.9574603343498
3421.813132782585,0.00588089029059005,-14.61735251934142,110.6444994097698
3430.326592185796,0.005657724054468996,-14.6973268676466,110.3244573029207
3438.861233046965,0.006209208000593752,-14.77883325600919,110.0047337533353
3447.417108065485,0.006222076734431193,-14.85737178953724,109.7033953029467
3455.99427007187,0.005857200597446655,-14.93718575088533,109.3808452526854
3464.592772028071,0.005852134319714433,-15.01910943145522,109.0868465703691
3473.212667027811,0.005259734912544493,-15.098986009259,108.7725309297907
3481.85400829691,0.005467393797205781,-15.18043303574924,108.464373826098
3490.516849193613,0.005746774919419638,-15.25958268907421,108.1708605440045
3499.201243208919,0.004780288662814947,-15.34268170136292,107.857996716865
3507.907243966914,0.005177114568411177,-15.42283601820345,107.5551176177733
3516.634905225101,0.006110216385907911,-15.50323939715386,107.260040473185
3525.38428087473,0.00692352849473777,-15.58529251901039,106.9616948265815
3534.155424941133,0.007126617846426972,-15.66400503933404,106.6495818692263
3542.948391584056,0.005474875181384031,-15.74322478966588,106.3593721279284
3551.763235097996,0.006708014383433502,-15.82447596940797,106.0509843210336
3560.600009912533,0.005326552215807325,-15.90402362008742,105.7592786847455
3569.458770592667,0.006118019703779116,-15.98403678327278,105.4702510288859
3578.339571839158,0.006643795951308619,-16.06500957774856,105.1625557377584
3587.24246848886,0.007081500865293629,-16.14658509980595,104.8733931877615
3596.16751551506,0.007212762185841311,-16.2260530776767,104.5951532615814
3605.11476802782,0.006038031181911165,-16.30716878268013,104.3055961712906
3614.084281274314,0.005565221234735181,-16.38780316510484,103.9977085818665
3623.076110639172,0.006505666678019871,-16.46829463869995,103.7165812100391
3632.090311644821,0.006548539922425458,-16.549119264634,103.4169003558418
3641.126939951825,0.006749984456197808,-16.63233580806775,103.1389254659531
3650.186051359236,0.006696655867074009,-16.71242070412383,102.8547926849702
3659.267701804929,0.006732594925490748,-16.7939997094889,102.5695000512699
3668.371947365955,0.006643435989360059,-16.87383755558929,102.2790600131256
3677.498844258884,0.006512317081692736,-16.95533923331509,101.998607159213
3686.648448840153,0.005520498628757454,-17.03511711651938,101.7196350461545
3695.820817606413,0.005800003420517934,-17.1168075445354,101.453574271765
3705.016007194877,0.006062626041701385,-17.19967074285512,101.1546079897529
3714.234074383674,0.006576266835896049,-17.27922844647337,100.8753164897056
3723.475076092197,0.006727226592415516,-17.36194720250759,100.6098521968452
3732.73906938145,0.006319347631536955,-17.44323684215276,100.3189914377631
3742.026111454411,0.006791995361046995,-17.52505623553772,100.0380348267886
3751.336259656371,0.007181578580474079,-17.61086001146703,99.76905231139938
3760.669571475304,0.006220637278555447,-17.68967879107883,99.49791095008263
3770.026104542206,0.007241396751081926,-17.77543790487889,99.20910989091003
3779.405916631467,0.007149349841936157,-17.85681829750017,98.95442467810132
3788.809065661213,0.007358724216000819,-17.94073127743749,98.67066350070495
3798.235609693673,0.007113139791742654,-18.02121245021054,98.40519787725407
3807.685606935533,0.006831272466773943,-18.10427030747845,98.13296557298322
3817.1591157383,0.007916614255958566,-18.18521968663239,97.87306443251867
3826.656194598655,0.007082136760106945,-18.26482241326518,97.61059341843469
3836.176902158822,0.006970887075522206,-18.34631955850064,97.34118543152248
3845.721297206924,0.007398046671262087,-18.42678826821403,97.07425413990036
3855.289438677353,0.007385253269691403,-18.51008195767428,96.80095995771666
3864.881385651125,0.007952599006274763,-18.59201528932909,96.54470019175966
3874.497197356252,0.008120225305511647,-18.67597317954398,96.27386149266745
3884.136933168102,0.008556249132986703,-18.75451661406218,96.02091555824403
3893.800652609774,0.007089968620853838,-18.83912093535418,95.7562581537362
3903.488415352456,0.007043136279225293,-18.92346660185352,95.50223728839849
3913.200281215798,0.007579329527473125,-19.00377769204056,95.22205854759213
3922.936310168283,0.008198259322745281,-19.08557101042958,94.95846415318131
3932.696562327594,0.007077447186271226,-19.16905340187504,94.7229744622507
3942.481097960987,0.00717402840889747,-19.247934999531,94.47387362805875
3952.289977485662,0.007757407604572437,-19.3281503067896,94.20281249393076
3962.123261469139,0.007798138481739328,-19.41520761051768,93.9533174857732
3971.981010629627,0.008087622929791344,-19.49698721604019,93.70332988300589
3981.863285836404,0.00775289984052056,-19.57778863744935,93.45210391998137
3991.770148110188,0.006999361049712547,-19.66396134176475,93.22185811907264
4001.70165862352,0.007258589830179714,-19.74425607730905,92.93934854005592
4011.657878701134,0.007440010257564942,-19.82720645826799,92.6917024270675
4021.638869820342,0.007873078165961396,-19.90602751422703,92.4237564220947
4031.644693611411,0.007868432793488594,-19.98772094385344,92.19156103329408
4041.675411857945,0.007037365669686925,-20.07430947506931,91.95524696806967
4051.731086497263,0.007927145922782645,-20.15451771540028,91.68721575338765
4061.811779620786,0.007452557353197938,-20.24055500544426,91.44669293313052
4071.917553474417,0.007048231044039841,-20.3207461622128,91.20608647769888
4082.048470458927,0.007814137198489144,-20.40214018119728,90.95667910021126
4092.20459313034,0.007694163919517107,-20.48644467775456,90.70499365817979
4102.385984200318,0.007307337602239678,-20.57142075574668,90.46691993810907
4112.592706536553,0.008184234177627201,-20.65388082686141,90.20992869952583
4122.824823163146,0.00759959254838392,-20.74129647657703,89.98646153863311
4133.082397261007,0.00800416207881032,-20.82429009058792,89.74306101197732
4143.365492168236,0.007712539142094429,-20.90555245836892,89.49895630068698
4153.67417138052,0.006479953649682218,-20.99291172878402,89.27717094882067
4164.008498551525,0.007690550796173814,-21.06855973442205,89.04095951049973
4174.368537493282,0.008417187690758944,-21.15519615396841,88.78259483391214
4184.75435217659,0.008141493015366584,-21.24042498709755,88.57834919016602
4195.166006731406,0.008408576624701371,-21.3237611483349,88.31329336704233
4205.603565447243,0.008269705229707668,-21.40834330810712,88.07735238487014
4216.067092773563,0.008890014194993547,-21.48934339882505,87.83927022114058
4226.556653320183,0.009237520065960526,-21.57391130239255,87.6329931824083
4237.072311857664,0.007979354479940019,-21.6577285139821,87.38175007144426
4247.61413331772,0.007091121679161871,-21.74228319292049,87.14253467625227
4258.182182793613,0.007754355951248867,-21.82780076721379,86.89460747579795
4268.776525540556,0.008505722494959631,-21.90921097892798,86.69420337168094
4279.397226976118,0.008472928870522305,-21.99166949045452,86.46249320323692
4290.044352680627,0.008720055872813461,-22.079474471603,86.19568022398688
4300.717968397573,0.009076805544708298,-22.15607532625374,86.00307168639267
4311.418140034017,0.00928968803207564,-22.24310314270806,85.78460393801829
4322.144933660997,0.008696595554587292,-22.32533710161503,85.56018331713665
4332.898415513932,0.007181292081976775,-22.4096734033912,85.31818274122702
4343.67865199304,0.007670214078383269,-22.4895360516127,85.10207132472203
4354.48570966374,0.008505668049564373,-22.57127455442844,84.85198276005121
4365.319655257063,0.008693663936441227,-22.65810566926547,84.6566549590938
4376.180555670069,0.008898425488309058,-22.7367898218006,84.39518977055893
4387.068477966259,0.009410908094390186,-22.81761343311713,84.18745823262623
4397.983489375984,0.008550270244517195,-22.90496356193486,83.97705821524409
4408.925657296869,0.008021230745847785,-22.99468883612856,83.75504300067351
4419.895049294219,0.008282370718593919,-23.0714731258584,83.50725978215684
4430.891733101444,0.008095963757579105,-23.15483499544753,83.28515916024352
4441.915776620473,0.009131137318729906,-23.24173308975121,83.09169863025735
4452.967247922177,0.008512127132765585,-23.3248442420977,82.86739572271374
4464.046215246784,0.007937296125048607,-23.40963963336877,82.61368248002766
4475.152747004308,0.009044094066881038,-23.49322724766406,82.43218939490984
4486.286911774962,0.009243170166207081,-23.57162616264559,82.21672739999383
4497.448778309589,0.0105645312865086,-23.65721551575162,81.9897990026393
4508.638415530083,0.009755023240301388,-23.73548282853788,81.77024795646813
4519.855892529817,0.007655635023504138,-23.82712502624866,81.56004117182943
4531.101278574063,0.007802770084392901,-23.89697706843877,81.3576185163697
4542.374643100433,0.008628693337089847,-23.97958906817819,81.12276371175804
4553.676055719293,0.0086885828290117,-24.06232917268192,80.90100284674941
4565.005586214202,0.008402909031514293,-24.14875467513827,80.72579260415576
4576.363304542339,0.009517664330464595,-24.23113563769049,80.49507109793569
4587.749280834938,0.01014000541267395,-24.30891635034085,80.28576403611093
4599.163585397718,0.01060345645102262,-24.40156627034042,80.09911276181751
4610.606288711317,0.009969202580700101,-24.47914869789806,79.88858884001719
4622.077461431732,0.008427970450353171,-24.56548127686777,79.65805978344849
4633.577174390749,0.008301477881633159,-24.6474326260055,79.42407633567265
4645.105498596385,0.00657955833925212,-24.73148813876161,79.23531890285449
4656.662505233323,0.007849659817617814,-24.82060967970595,79.07505759101717
4668.248265663356,0.009803630671904649,-24.90566828870135,78.80279699214688
4679.862851425822,0.009138640799805246,-24.99131657340261,78.61686246835602
4691.506334238049,0.009595860956457099,-25.07814912498877,78.39834001999959
4703.178785995799,0.01056671858408346,-25.157759253058,78.23037398190462
4714.880278773711,0.01057483727848641,-25.23510681641208,78.01490689016859
4726.610884825742,0.009561329942950413,-25.32321178345836,77.8138237367304
4738.37067658562,0.009686252130465945,-25.40749369808688,77.64546986599419
4750.159726667286,0.007039177564214121,-25.49265535550335,77.37359631288936
4761.978107865345,0.006159687769763451,-25.57420312680663,77.1857291299429
4773.825893155515,0.009809924743238246,-25.65613863369396,76.9608191634847
4785.703155695076,0.009219510409227801,-25.73664914727705,76.83388191423806
4797.609968823324,0.009438127875532564,-25.82665366767089,76.61273605936398
4809.546406062023,0.01063335196559659,-25.91450061945275,76.41712807373266
4821.51254111586,0.01060625182429834,-26.00054427232131,76.18296460199984
4833.508447872897,0.01004969808597624,-26.07748659239105,75.99242840073083
4845.534200405029,0.01071354009671138,-26.16945322643071,75.82344020376584
4857.589872968442,0.009343596142414123,-26.25012000368904,75.62926915398326
4869.675540004076,0.007403919038077252,-26.33853310536216,75.46934019494847
4881.79127613807,0.006084535592752069,-26.4276957391174,75.26457377544176
4893.937156182243,0.009811632904286036,-26.51241882673242,74.98836154726234
4906.113255134538,0.01027651888530273,-26.59257008841102,74.82557195348842
4918.319648179496,0.01092451811187331,-26.68791806079147,74.66302516141869
4930.556410688716,0.01080533180620283,-26.76668559198562,74.48544985696603
4942.823618221321,0.01143090761673088,-26.84451426442676,74.27017572079198
4955.121346524426,0.01057111613662714,-26.93423476625835,74.05175644706721
4967.449671533605,0.01040256324427193,-27.01380920106701,73.88775715788344
4979.808669373357,0.009824138680776365,-27.10783226630283,73.72085388592851
4992.198416357581,0.007602286624540813,-27.18785713922729,73.53226827904908
5004.618988990042,0.00636074811542259,-27.27030570926135,73.27691188166206
5017.070463964847,0.01009309247261226,-27.34103948031389,73.08930524209073
5029.552918166921,0.01071023158606528,-27.44865976323871,72.91218053920223
5042.066428672474,0.01087675890426324,-27.52388434888918,72.74619726501783
5054.611072749484,0.01035007749752761,-27.607384114708,72.58433066257547
5067.18692785817,0.01020665307207421,-27.69765369771227,72.37730910572188
5079.794071651473,0.01129414769341277,-27.77523152702117,72.19718556714884
5092.432581975532,0.01098168278586102,-27.87013864450144,72.00823935985039
5105.102536870171,0.00949411370958946,-27.95860492855876,71.81322738956599
5117.804014569373,0.008297673601347389,-28.03925495135675,71.62136340069674
5130.537093501767,0.006204098226452622,-28.12649909847194,71.44680911320877
5143.301852291114,0.01045351481125751,-28.21390098660146,71.2122787549758
5156.098369756793,0.0111653072935104,-28.30286809957502,71.05800741045972
5168.926724914279,0.01137821359847032,-28.37706443230964,70.94928988146846
5181.786996975642,0.011127550506116,-28.47078128141718,70.74761284687352
5194.679265350031,0.01168588378029078,-28.54562561468882,70.55338604286143
5207.603609644161,0.01135323793991363,-28.63530639114627,70.33495477092731
5220.560109662812,0.01165857991291125,-28.71941503801813,70.14431497113581
5233.548845409318,0.01129580267025063,-28.80903558253883,69.93555348436557
5246.569897086059,0.009571911440181099,-28.88310981334473,69.7931609882362
5259.62334509496,0.008870011010456459,-28.9655422683581,69.68797294562744
5272.709270037984,0.0053740220057584,-29.04942132013059,69.47593098841803
5285.827752717632,0.01144754578909952,-29.13735890120914,69.27998455395884
5298.978874137443,0.01082392826521575,-29.22601645559244,69.08442420707827
5312.162715502491,0.01146495005615938,-29.30548628316811,68.91894393601262
5325.379358219887,0.01197177449949451,-29.38611819962609,68.82054993786386
5338.628883899284,0.01195919943385085,-29.46681243436437,68.56754274780022
5351.91137435338,0.01278789519818572,-29.56137647081863,68.35723453997035
5365.226911598422,0.01283743090143385,-29.63090306852855,68.22389478455545
5378.575577854713,0.01133941219686444,-29.72184799664842,67.9727389406018
5391.957455547119,0.01033737597838244,-29.8027670822301,67.81708891682099
5405.372627305582,0.007751148293323816,-29.87972893178193,67.77069506146107
5418.821175965622,0.004361074854920206,-29.9843069232502,67.57794656787121
5432.303184568859,0.01186649100068571,-30.06743772088352,67.41361463913822
5445.818736363516,0.01191313301838589,-30.14271707380108,67.13092626219876
5459.367914804939,0.01205444793757437,-30.21774375424121,67.01116650457398
5472.950803556111,0.01247351053816592,-30.31962142522309,66.86067641093287
5486.567486488167,0.01255636859003027,-30.393540159208,66.65028897679832
5500.218047680914,0.01159517003396685,-30.47414015321328,66.48804401402199
5513.902571423348,0.01265952155242217,-30.56104611219817,66.31260422341789
5527.62114221418,0.01278695690449313,-30.66016630442072,66.19384816024541
5541.373844762346,0.01046979126952404,-30.72651144301849,66.01691827270307
5555.160763987546,0.008045826338089056,-30.8174442760903,65.88553766910815
5568.981985020752,0.006204816933624362,-30.89745278663861,65.61975735115388
5582.837593204748,0.01257808131324902,-30.98340940060856,65.49197381732665
5596.727674094647,0.01260350006237975,-31.07211987722461,65.37663975302802
5610.652313458424,0.01293466339853626,-31.15202338630126,65.21424257932199
5624.611597277442,0.01349440941534977,-31.2189102992155,64.98431025227535
5638.605611746991,0.01310697344116938,-31.31061825955194,64.80469306863003
5652.634443276809,0.01293842594665792,-31.39588354077398,64.65189137252641
5666.698178491623,0.01397967305312858,-31.48745855648288,64.53854273420086
5680.796904231684,0.01217542695901283,-31.57420771082087,64.41511260087404
5694.930707553297,0.01153981900817538,-31.63302257601344,64.16450781383223
5709.099675729367,0.01071629797417912,-31.73303837682016,64.06092791628909
5723.30389624993,0.006904743287615976,-31.80728001477725,63.76573183798446
5737.543456822702,0.002498679247277292,-31.89287812011521,63.71044568176064
5751.81844537361,0.01349686253266588,-31.96839065868534,63.53165335995241
5766.128950047344,0.01255682942121247,-32.06444790807267,63.42094375143598
5780.475059207895,0.0127700123618707,-32.15410587037383,63.15424954880589
5794.856861439106,0.01314145211409584,-32.21937769117797,62.97656502775615
5809.274445545215,0.01246535327147973,-32.30002896932002,62.81737860800706
5823.727900551404,0.01356307496495891,-32.39754051904938,62.80741407471228
5838.217315704351,0.0143898876340987,-32.47592511374233,62.61499041943364
5852.742780472777,0.01230096018167781,-32.55023738420331,62.44435814777059
5867.304384548002,0.01211112554250058,-32.63074792798309,62.28718082130253
5881.902217844502,0.008916279396313231,-32.70584037255856,62.04573918151789
5896.536370500452,0.006284912181797681,-32.79543205404596,62.00016531288543
5911.206932878295,0.001265274219553151,-32.87855607963652,61.82956221789936
5925.913995565297,0.01294900107179936,-32.95455225828087,61.61799774362338
5940.6576493741,0.01374649804456953,-33.0586010753107,61.54773814950332
5955.437985343293,0.01368805435143707,-33.12501851158227,61.26926439463061
5970.255094737963,0.0140252877285693,-33.20677943012178,61.24603459941729
5985.10906905027,0.01458627816385633,-33.29891930705944,61.02246790045393
6000.000000000001,0.01463711358001479,-33.38439449748346,60.89023836347195
